posicao_principal,count,mean,median
DF,944,26.926380254582988,31.540043228416145
FW,387,6.358583163543888,6.166682656560193
GK,178,51.18318568066284,58.37056737907737
MF,1269,9.696685258257064,10.96804303460562
OUT,1,0.8045618479249729,0.8045618479249729
